Number,Date,Time
NOT OPEN,09-DEC-2025,10:39:33 AM
7,09-DEC-2025,10:38:33 AM
4,09-DEC-2025,10:37:33 AM
9,09-DEC-2025,10:36:33 AM
7,09-DEC-2025,10:35:33 AM
1,09-DEC-2025,10:34:33 AM
4,09-DEC-2025,10:33:33 AM
9,09-DEC-2025,10:32:33 AM
7,09-DEC-2025,10:31:33 AM
6,09-DEC-2025,10:30:33 AM
7,09-DEC-2025,10:29:33 AM
7,09-DEC-2025,10:28:33 AM
3,09-DEC-2025,10:27:33 AM
8,09-DEC-2025,10:26:33 AM
1,09-DEC-2025,10:25:33 AM
5,09-DEC-2025,10:24:33 AM
4,09-DEC-2025,10:23:33 AM
6,09-DEC-2025,10:22:33 AM
2,09-DEC-2025,10:21:33 AM
5,09-DEC-2025,10:20:33 AM
9,09-DEC-2025,10:19:33 AM
3,09-DEC-2025,10:18:33 AM
7,09-DEC-2025,10:17:33 AM
7,09-DEC-2025,10:16:33 AM
7,09-DEC-2025,10:15:33 AM
6,09-DEC-2025,10:14:33 AM
3,09-DEC-2025,10:13:33 AM
4,09-DEC-2025,10:12:33 AM
9,09-DEC-2025,10:11:33 AM
7,09-DEC-2025,10:10:33 AM
2,09-DEC-2025,10:09:33 AM
0,09-DEC-2025,10:08:33 AM
1,09-DEC-2025,10:07:33 AM
9,09-DEC-2025,10:06:33 AM
3,09-DEC-2025,10:05:33 AM
2,09-DEC-2025,10:04:33 AM
0,09-DEC-2025,10:03:33 AM
0,09-DEC-2025,10:02:32 AM
8,09-DEC-2025,10:01:32 AM
6,09-DEC-2025,10:00:32 AM
3,09-DEC-2025,09:59:32 AM
7,09-DEC-2025,09:58:32 AM
0,09-DEC-2025,09:57:32 AM
9,09-DEC-2025,09:56:32 AM
6,09-DEC-2025,09:55:32 AM
0,09-DEC-2025,09:54:32 AM
2,09-DEC-2025,09:53:32 AM
6,09-DEC-2025,09:52:32 AM
8,09-DEC-2025,09:51:32 AM
0,09-DEC-2025,09:50:32 AM
4,09-DEC-2025,09:49:32 AM
4,09-DEC-2025,09:48:32 AM
4,09-DEC-2025,09:47:32 AM
5,09-DEC-2025,09:46:32 AM
1,09-DEC-2025,09:45:32 AM
8,09-DEC-2025,09:44:32 AM
7,09-DEC-2025,09:43:32 AM
1,09-DEC-2025,09:42:32 AM
6,09-DEC-2025,09:41:32 AM
6,09-DEC-2025,09:40:32 AM
4,09-DEC-2025,09:39:32 AM
8,09-DEC-2025,09:38:32 AM
8,09-DEC-2025,09:37:32 AM
0,09-DEC-2025,09:36:32 AM
5,09-DEC-2025,09:35:32 AM
5,09-DEC-2025,09:34:32 AM
1,09-DEC-2025,09:33:32 AM
7,09-DEC-2025,09:32:32 AM
8,09-DEC-2025,09:31:32 AM
4,09-DEC-2025,09:30:32 AM
7,09-DEC-2025,09:29:32 AM
2,09-DEC-2025,09:28:32 AM
3,09-DEC-2025,09:27:32 AM
7,09-DEC-2025,09:26:32 AM
1,09-DEC-2025,09:25:32 AM
3,09-DEC-2025,09:24:32 AM
2,09-DEC-2025,09:23:32 AM
5,09-DEC-2025,09:22:32 AM
4,09-DEC-2025,09:21:32 AM
0,09-DEC-2025,09:20:32 AM
7,09-DEC-2025,09:19:32 AM
6,09-DEC-2025,09:18:32 AM
7,09-DEC-2025,09:17:32 AM
2,09-DEC-2025,09:16:32 AM
9,09-DEC-2025,09:15:32 AM
3,09-DEC-2025,09:14:32 AM
7,09-DEC-2025,09:13:32 AM
9,09-DEC-2025,09:12:32 AM
1,09-DEC-2025,09:11:32 AM
8,09-DEC-2025,09:10:32 AM
6,09-DEC-2025,09:09:32 AM
8,09-DEC-2025,09:08:32 AM
2,09-DEC-2025,09:07:32 AM
3,09-DEC-2025,09:06:32 AM
2,09-DEC-2025,09:05:32 AM
8,09-DEC-2025,09:04:32 AM
3,09-DEC-2025,09:03:32 AM
2,09-DEC-2025,09:02:32 AM
1,09-DEC-2025,09:01:32 AM
8,09-DEC-2025,09:00:32 AM
2,09-DEC-2025,08:59:32 AM
1,09-DEC-2025,08:58:32 AM
9,09-DEC-2025,08:57:32 AM
4,09-DEC-2025,08:56:32 AM
5,09-DEC-2025,08:55:32 AM
9,09-DEC-2025,08:54:32 AM
3,09-DEC-2025,08:53:32 AM
7,09-DEC-2025,08:52:32 AM
6,09-DEC-2025,08:51:32 AM
6,09-DEC-2025,08:50:32 AM
8,09-DEC-2025,08:49:32 AM
4,09-DEC-2025,08:48:32 AM
7,09-DEC-2025,08:47:32 AM
3,09-DEC-2025,08:46:32 AM
2,09-DEC-2025,08:45:32 AM
8,09-DEC-2025,08:44:32 AM
7,09-DEC-2025,08:43:32 AM
3,09-DEC-2025,08:42:32 AM
5,09-DEC-2025,08:41:32 AM
0,09-DEC-2025,08:40:32 AM
5,09-DEC-2025,08:39:32 AM
4,09-DEC-2025,08:38:32 AM
4,09-DEC-2025,08:37:32 AM
2,09-DEC-2025,08:36:32 AM
7,09-DEC-2025,08:35:32 AM
4,09-DEC-2025,08:34:32 AM
3,09-DEC-2025,08:33:32 AM
8,09-DEC-2025,08:32:32 AM
0,09-DEC-2025,08:31:32 AM
8,09-DEC-2025,08:30:32 AM
2,09-DEC-2025,08:29:32 AM
7,09-DEC-2025,08:28:32 AM
5,09-DEC-2025,08:27:32 AM
4,09-DEC-2025,08:26:32 AM
9,09-DEC-2025,08:25:32 AM
2,09-DEC-2025,08:24:32 AM
2,09-DEC-2025,08:23:32 AM
2,09-DEC-2025,08:22:32 AM
8,09-DEC-2025,08:21:32 AM
1,09-DEC-2025,08:20:32 AM
9,09-DEC-2025,08:19:32 AM
1,09-DEC-2025,08:18:32 AM
6,09-DEC-2025,08:17:32 AM
1,09-DEC-2025,08:16:32 AM
1,09-DEC-2025,08:15:32 AM
7,09-DEC-2025,08:14:32 AM
1,09-DEC-2025,08:13:32 AM
7,09-DEC-2025,08:12:32 AM
5,09-DEC-2025,08:11:32 AM
6,09-DEC-2025,08:10:32 AM
9,09-DEC-2025,08:09:32 AM
9,09-DEC-2025,08:08:32 AM
0,09-DEC-2025,08:07:32 AM
6,09-DEC-2025,08:06:32 AM
7,09-DEC-2025,08:05:32 AM
3,09-DEC-2025,08:04:32 AM
6,09-DEC-2025,08:03:32 AM
1,09-DEC-2025,08:02:32 AM
7,09-DEC-2025,08:01:32 AM
9,09-DEC-2025,08:00:32 AM
6,09-DEC-2025,07:59:32 AM
6,09-DEC-2025,07:58:32 AM
6,09-DEC-2025,07:57:31 AM
7,09-DEC-2025,07:56:32 AM
1,09-DEC-2025,07:55:31 AM
0,09-DEC-2025,07:54:31 AM
1,09-DEC-2025,07:53:31 AM
0,09-DEC-2025,07:52:31 AM
8,09-DEC-2025,07:51:31 AM
8,09-DEC-2025,07:50:31 AM
7,09-DEC-2025,07:49:31 AM
2,09-DEC-2025,07:48:31 AM
6,09-DEC-2025,07:47:31 AM
5,09-DEC-2025,07:46:31 AM
7,09-DEC-2025,07:45:31 AM
4,09-DEC-2025,07:44:31 AM
1,09-DEC-2025,07:43:31 AM
2,09-DEC-2025,07:42:31 AM
5,09-DEC-2025,07:41:31 AM
0,09-DEC-2025,07:40:31 AM
6,09-DEC-2025,07:39:31 AM
0,09-DEC-2025,07:38:31 AM
6,09-DEC-2025,07:37:31 AM
1,09-DEC-2025,07:36:31 AM
7,09-DEC-2025,07:35:31 AM
2,09-DEC-2025,07:34:31 AM
7,09-DEC-2025,07:33:31 AM
9,09-DEC-2025,07:32:31 AM
6,09-DEC-2025,07:31:31 AM
4,09-DEC-2025,07:30:31 AM
0,09-DEC-2025,07:29:31 AM
6,09-DEC-2025,07:28:31 AM
9,09-DEC-2025,07:27:31 AM
5,09-DEC-2025,07:26:31 AM
5,09-DEC-2025,07:25:31 AM
5,09-DEC-2025,07:24:31 AM
7,09-DEC-2025,07:23:31 AM
7,09-DEC-2025,07:22:31 AM
5,09-DEC-2025,07:21:31 AM
8,09-DEC-2025,07:20:31 AM
2,09-DEC-2025,07:19:31 AM
6,09-DEC-2025,07:18:31 AM
5,09-DEC-2025,07:17:31 AM
7,09-DEC-2025,07:16:31 AM
6,09-DEC-2025,07:15:31 AM
1,09-DEC-2025,07:14:31 AM
4,09-DEC-2025,07:13:31 AM
6,09-DEC-2025,07:12:31 AM
0,09-DEC-2025,07:11:31 AM
6,09-DEC-2025,07:10:31 AM
3,09-DEC-2025,07:09:31 AM
1,09-DEC-2025,07:08:31 AM
4,09-DEC-2025,07:07:31 AM
0,09-DEC-2025,07:06:31 AM
9,09-DEC-2025,07:05:31 AM
8,09-DEC-2025,07:04:31 AM
4,09-DEC-2025,07:03:31 AM
9,09-DEC-2025,07:02:31 AM
0,09-DEC-2025,07:01:31 AM
8,09-DEC-2025,07:00:31 AM
7,09-DEC-2025,06:59:31 AM
2,09-DEC-2025,06:58:31 AM
1,09-DEC-2025,06:57:31 AM
1,09-DEC-2025,06:56:31 AM
3,09-DEC-2025,06:55:31 AM
6,09-DEC-2025,06:54:31 AM
1,09-DEC-2025,06:53:31 AM
4,09-DEC-2025,06:52:31 AM
6,09-DEC-2025,06:51:31 AM
7,09-DEC-2025,06:50:31 AM
1,09-DEC-2025,06:49:31 AM
5,09-DEC-2025,06:48:31 AM
5,09-DEC-2025,06:47:31 AM
3,09-DEC-2025,06:46:31 AM
4,09-DEC-2025,06:45:31 AM
9,09-DEC-2025,06:44:31 AM
2,09-DEC-2025,06:43:31 AM
2,09-DEC-2025,06:42:31 AM
1,09-DEC-2025,06:41:31 AM
0,09-DEC-2025,06:40:31 AM
6,09-DEC-2025,06:39:31 AM
8,09-DEC-2025,06:38:31 AM
0,09-DEC-2025,06:37:31 AM
3,09-DEC-2025,06:36:31 AM
5,09-DEC-2025,06:35:31 AM
3,09-DEC-2025,06:34:31 AM
3,09-DEC-2025,06:33:31 AM
5,09-DEC-2025,06:32:31 AM
2,09-DEC-2025,06:31:31 AM
1,09-DEC-2025,06:30:31 AM
3,09-DEC-2025,06:29:31 AM
3,09-DEC-2025,06:28:31 AM
5,09-DEC-2025,06:27:31 AM
1,09-DEC-2025,06:26:31 AM
3,09-DEC-2025,06:25:31 AM
9,09-DEC-2025,06:24:31 AM
5,09-DEC-2025,06:23:31 AM
0,09-DEC-2025,06:22:31 AM
8,09-DEC-2025,06:21:31 AM
1,09-DEC-2025,06:20:31 AM
6,09-DEC-2025,06:19:31 AM
9,09-DEC-2025,06:18:31 AM
8,09-DEC-2025,06:17:31 AM
5,09-DEC-2025,06:16:31 AM
1,09-DEC-2025,06:15:31 AM
6,09-DEC-2025,06:14:31 AM
1,09-DEC-2025,06:13:31 AM
3,09-DEC-2025,06:12:31 AM
8,09-DEC-2025,06:11:31 AM
7,09-DEC-2025,06:10:31 AM
2,09-DEC-2025,06:09:31 AM
7,09-DEC-2025,06:08:31 AM
4,09-DEC-2025,06:07:31 AM
0,09-DEC-2025,06:06:31 AM
5,09-DEC-2025,06:05:31 AM
1,09-DEC-2025,06:04:31 AM
6,09-DEC-2025,06:03:31 AM
0,09-DEC-2025,06:02:31 AM
2,09-DEC-2025,06:01:31 AM
2,09-DEC-2025,06:00:31 AM
5,09-DEC-2025,05:59:31 AM
0,09-DEC-2025,05:58:31 AM
0,09-DEC-2025,05:57:31 AM
0,09-DEC-2025,05:56:31 AM
1,09-DEC-2025,05:55:31 AM
3,09-DEC-2025,05:54:31 AM
9,09-DEC-2025,05:53:31 AM
7,09-DEC-2025,05:52:31 AM
3,09-DEC-2025,05:51:31 AM
8,09-DEC-2025,05:50:31 AM
8,09-DEC-2025,05:49:31 AM
3,09-DEC-2025,05:48:31 AM
4,09-DEC-2025,05:47:31 AM
4,09-DEC-2025,05:46:31 AM
9,09-DEC-2025,05:45:31 AM
5,09-DEC-2025,05:44:31 AM
0,09-DEC-2025,05:43:30 AM
9,09-DEC-2025,05:42:30 AM
9,09-DEC-2025,05:41:30 AM
6,09-DEC-2025,05:40:30 AM
9,09-DEC-2025,05:39:30 AM
1,09-DEC-2025,05:38:30 AM
6,09-DEC-2025,05:37:30 AM
5,09-DEC-2025,05:36:30 AM
9,09-DEC-2025,05:35:30 AM
0,09-DEC-2025,05:34:30 AM
1,09-DEC-2025,05:33:30 AM
4,09-DEC-2025,05:32:30 AM
6,09-DEC-2025,05:31:30 AM
7,09-DEC-2025,05:30:30 AM
0,09-DEC-2025,05:29:30 AM
6,09-DEC-2025,05:28:30 AM
6,09-DEC-2025,05:27:30 AM
1,09-DEC-2025,05:26:30 AM
3,09-DEC-2025,05:25:30 AM
2,09-DEC-2025,05:24:30 AM
7,09-DEC-2025,05:23:30 AM
0,09-DEC-2025,05:22:30 AM
6,09-DEC-2025,05:21:30 AM
1,09-DEC-2025,05:20:30 AM
8,09-DEC-2025,05:19:30 AM
3,09-DEC-2025,05:18:30 AM
5,09-DEC-2025,05:17:30 AM
3,09-DEC-2025,05:16:30 AM
2,09-DEC-2025,05:15:30 AM
4,09-DEC-2025,05:14:30 AM
9,09-DEC-2025,05:13:30 AM
0,09-DEC-2025,05:12:30 AM
5,09-DEC-2025,05:11:30 AM
4,09-DEC-2025,05:10:30 AM
9,09-DEC-2025,05:09:30 AM
1,09-DEC-2025,05:08:30 AM
7,09-DEC-2025,05:07:30 AM
7,09-DEC-2025,05:06:30 AM
6,09-DEC-2025,05:05:30 AM
7,09-DEC-2025,05:04:30 AM
6,09-DEC-2025,05:03:30 AM
7,09-DEC-2025,05:02:30 AM
3,09-DEC-2025,05:01:30 AM
7,09-DEC-2025,05:00:30 AM
9,09-DEC-2025,04:59:30 AM
6,09-DEC-2025,04:58:30 AM
7,09-DEC-2025,04:57:30 AM
3,09-DEC-2025,04:56:30 AM
2,09-DEC-2025,04:55:30 AM
3,09-DEC-2025,04:54:30 AM
5,09-DEC-2025,04:53:30 AM
8,09-DEC-2025,04:52:30 AM
6,09-DEC-2025,04:51:30 AM
2,09-DEC-2025,04:50:30 AM
2,09-DEC-2025,04:49:30 AM
1,09-DEC-2025,04:48:30 AM
5,09-DEC-2025,04:47:30 AM
2,09-DEC-2025,04:46:30 AM
4,09-DEC-2025,04:45:30 AM
0,09-DEC-2025,04:44:30 AM
7,09-DEC-2025,04:43:30 AM
6,09-DEC-2025,04:42:30 AM
1,09-DEC-2025,04:41:30 AM
0,09-DEC-2025,04:40:30 AM
3,09-DEC-2025,04:39:30 AM
0,09-DEC-2025,04:38:30 AM
1,09-DEC-2025,04:37:30 AM
7,09-DEC-2025,04:36:30 AM
0,09-DEC-2025,04:35:30 AM
1,09-DEC-2025,04:34:30 AM
3,09-DEC-2025,04:33:30 AM
8,09-DEC-2025,04:32:30 AM
5,09-DEC-2025,04:31:30 AM
8,09-DEC-2025,04:30:30 AM
0,09-DEC-2025,04:29:30 AM
2,09-DEC-2025,04:28:30 AM
9,09-DEC-2025,04:27:30 AM
3,09-DEC-2025,04:26:30 AM
0,09-DEC-2025,04:25:30 AM
7,09-DEC-2025,04:24:30 AM
4,09-DEC-2025,04:23:30 AM
4,09-DEC-2025,04:22:30 AM
7,09-DEC-2025,04:21:30 AM
3,09-DEC-2025,04:20:30 AM
9,09-DEC-2025,04:19:30 AM
7,09-DEC-2025,04:18:30 AM
3,09-DEC-2025,04:17:30 AM
1,09-DEC-2025,04:16:30 AM
6,09-DEC-2025,04:15:30 AM
8,09-DEC-2025,04:14:30 AM
4,09-DEC-2025,04:13:30 AM
1,09-DEC-2025,04:12:30 AM
4,09-DEC-2025,04:11:30 AM
3,09-DEC-2025,04:10:30 AM
9,09-DEC-2025,04:09:30 AM
5,09-DEC-2025,04:08:30 AM
1,09-DEC-2025,04:07:30 AM
4,09-DEC-2025,04:06:30 AM
8,09-DEC-2025,04:05:30 AM
7,09-DEC-2025,04:04:30 AM
8,09-DEC-2025,04:03:30 AM
8,09-DEC-2025,04:02:30 AM
4,09-DEC-2025,04:01:30 AM
7,09-DEC-2025,04:00:30 AM
8,09-DEC-2025,03:59:30 AM
2,09-DEC-2025,03:58:30 AM
8,09-DEC-2025,03:57:30 AM
9,09-DEC-2025,03:56:30 AM
3,09-DEC-2025,03:55:30 AM
1,09-DEC-2025,03:54:30 AM
0,09-DEC-2025,03:53:30 AM
3,09-DEC-2025,03:52:30 AM
7,09-DEC-2025,03:51:30 AM
7,09-DEC-2025,03:50:30 AM
8,09-DEC-2025,03:49:30 AM
7,09-DEC-2025,03:48:30 AM
1,09-DEC-2025,03:47:30 AM
3,09-DEC-2025,03:46:30 AM
1,09-DEC-2025,03:45:30 AM
4,09-DEC-2025,03:44:30 AM
6,09-DEC-2025,03:43:30 AM
1,09-DEC-2025,03:42:30 AM
4,09-DEC-2025,03:41:30 AM
7,09-DEC-2025,03:40:30 AM
4,09-DEC-2025,03:39:30 AM
1,09-DEC-2025,03:38:30 AM
5,09-DEC-2025,03:37:30 AM
1,09-DEC-2025,03:36:29 AM
5,09-DEC-2025,03:35:29 AM
3,09-DEC-2025,03:34:29 AM
5,09-DEC-2025,03:33:29 AM
3,09-DEC-2025,03:32:29 AM
0,09-DEC-2025,03:31:29 AM
1,09-DEC-2025,03:30:29 AM
8,09-DEC-2025,03:29:29 AM
9,09-DEC-2025,03:28:29 AM
3,09-DEC-2025,03:27:29 AM
7,09-DEC-2025,03:26:29 AM
2,09-DEC-2025,03:25:29 AM
6,09-DEC-2025,03:24:29 AM
7,09-DEC-2025,03:23:29 AM
1,09-DEC-2025,03:22:29 AM
6,09-DEC-2025,03:21:29 AM
1,09-DEC-2025,03:20:29 AM
4,09-DEC-2025,03:19:29 AM
6,09-DEC-2025,03:18:29 AM
4,09-DEC-2025,03:17:29 AM
8,09-DEC-2025,03:16:29 AM
1,09-DEC-2025,03:15:29 AM
3,09-DEC-2025,03:14:29 AM
4,09-DEC-2025,03:13:29 AM
1,09-DEC-2025,03:12:29 AM
9,09-DEC-2025,03:11:29 AM
7,09-DEC-2025,03:10:29 AM
9,09-DEC-2025,03:09:29 AM
1,09-DEC-2025,03:08:29 AM
1,09-DEC-2025,03:07:29 AM
7,09-DEC-2025,03:06:29 AM
6,09-DEC-2025,03:05:29 AM
5,09-DEC-2025,03:04:29 AM
6,09-DEC-2025,03:03:29 AM
5,09-DEC-2025,03:02:29 AM
7,09-DEC-2025,03:01:29 AM
8,09-DEC-2025,03:00:29 AM
1,09-DEC-2025,02:59:29 AM
4,09-DEC-2025,02:58:29 AM
4,09-DEC-2025,02:57:29 AM
9,09-DEC-2025,02:56:29 AM
2,09-DEC-2025,02:55:29 AM
5,09-DEC-2025,02:54:29 AM
6,09-DEC-2025,02:53:29 AM
1,09-DEC-2025,02:52:29 AM
6,09-DEC-2025,02:51:29 AM
2,09-DEC-2025,02:50:29 AM
7,09-DEC-2025,02:49:29 AM
9,09-DEC-2025,02:48:29 AM
2,09-DEC-2025,02:47:29 AM
7,09-DEC-2025,02:46:29 AM
9,09-DEC-2025,02:45:29 AM
5,09-DEC-2025,02:44:29 AM
2,09-DEC-2025,02:43:29 AM
4,09-DEC-2025,02:42:29 AM
4,09-DEC-2025,02:41:29 AM
2,09-DEC-2025,02:40:29 AM
8,09-DEC-2025,02:39:29 AM
8,09-DEC-2025,02:38:29 AM
1,09-DEC-2025,02:37:29 AM
3,09-DEC-2025,02:36:29 AM
3,09-DEC-2025,02:35:29 AM
4,09-DEC-2025,02:34:29 AM
9,09-DEC-2025,02:33:29 AM
2,09-DEC-2025,02:32:29 AM
7,09-DEC-2025,02:31:29 AM
9,09-DEC-2025,02:30:29 AM
5,09-DEC-2025,02:29:29 AM
3,09-DEC-2025,02:28:29 AM
8,09-DEC-2025,02:27:29 AM
6,09-DEC-2025,02:26:29 AM
6,09-DEC-2025,02:25:29 AM
5,09-DEC-2025,02:24:29 AM
9,09-DEC-2025,02:23:29 AM
5,09-DEC-2025,02:22:29 AM
0,09-DEC-2025,02:21:29 AM
6,09-DEC-2025,02:20:29 AM
2,09-DEC-2025,02:19:29 AM
6,09-DEC-2025,02:18:29 AM
1,09-DEC-2025,02:17:29 AM
0,09-DEC-2025,02:16:29 AM
7,09-DEC-2025,02:15:29 AM
5,09-DEC-2025,02:14:29 AM
8,09-DEC-2025,02:13:29 AM
4,09-DEC-2025,02:12:29 AM
3,09-DEC-2025,02:11:29 AM
1,09-DEC-2025,02:10:29 AM
8,09-DEC-2025,02:09:29 AM
6,09-DEC-2025,02:08:29 AM
1,09-DEC-2025,02:07:29 AM
2,09-DEC-2025,02:06:29 AM
5,09-DEC-2025,02:05:29 AM
0,09-DEC-2025,02:04:29 AM
3,09-DEC-2025,02:03:29 AM
5,09-DEC-2025,02:02:29 AM
6,09-DEC-2025,02:01:29 AM
1,09-DEC-2025,02:00:29 AM
6,09-DEC-2025,01:59:29 AM
8,09-DEC-2025,01:58:29 AM
2,09-DEC-2025,01:57:29 AM
1,09-DEC-2025,01:56:29 AM
7,09-DEC-2025,01:55:28 AM
0,09-DEC-2025,01:54:28 AM
5,09-DEC-2025,01:53:28 AM
1,09-DEC-2025,01:52:28 AM
3,09-DEC-2025,01:51:28 AM
5,09-DEC-2025,01:50:28 AM
7,09-DEC-2025,01:49:28 AM
7,09-DEC-2025,01:48:28 AM
4,09-DEC-2025,01:47:28 AM
6,09-DEC-2025,01:46:28 AM
3,09-DEC-2025,01:45:28 AM
2,09-DEC-2025,01:44:28 AM
9,09-DEC-2025,01:43:28 AM
1,09-DEC-2025,01:42:28 AM
8,09-DEC-2025,01:41:28 AM
9,09-DEC-2025,01:40:28 AM
3,09-DEC-2025,01:39:28 AM
8,09-DEC-2025,01:38:28 AM
1,09-DEC-2025,01:37:28 AM
7,09-DEC-2025,01:36:28 AM
7,09-DEC-2025,01:35:28 AM
0,09-DEC-2025,01:34:28 AM
5,09-DEC-2025,01:33:28 AM
8,09-DEC-2025,01:32:28 AM
2,09-DEC-2025,01:31:28 AM
5,09-DEC-2025,01:30:28 AM
5,09-DEC-2025,01:29:28 AM
1,09-DEC-2025,01:28:28 AM
9,09-DEC-2025,01:27:28 AM
9,09-DEC-2025,01:26:28 AM
4,09-DEC-2025,01:25:28 AM
6,09-DEC-2025,01:24:28 AM
2,09-DEC-2025,01:23:28 AM
5,09-DEC-2025,01:22:28 AM
6,09-DEC-2025,01:21:28 AM
2,09-DEC-2025,01:20:28 AM
4,09-DEC-2025,01:19:28 AM
1,09-DEC-2025,01:18:28 AM
0,09-DEC-2025,01:17:28 AM
0,09-DEC-2025,01:16:28 AM
7,09-DEC-2025,01:15:28 AM
8,09-DEC-2025,01:14:28 AM
0,09-DEC-2025,01:13:28 AM
0,09-DEC-2025,01:12:28 AM
2,09-DEC-2025,01:11:28 AM
0,09-DEC-2025,01:10:28 AM
7,09-DEC-2025,01:09:28 AM
5,09-DEC-2025,01:08:28 AM
3,09-DEC-2025,01:07:28 AM
9,09-DEC-2025,01:06:28 AM
5,09-DEC-2025,01:05:28 AM
7,09-DEC-2025,01:04:28 AM
9,09-DEC-2025,01:03:28 AM
1,09-DEC-2025,01:02:28 AM
8,09-DEC-2025,01:01:28 AM
2,09-DEC-2025,01:00:28 AM
7,09-DEC-2025,12:59:28 AM
8,09-DEC-2025,12:58:28 AM
7,09-DEC-2025,12:57:28 AM
0,09-DEC-2025,12:56:28 AM
8,09-DEC-2025,12:55:28 AM
2,09-DEC-2025,12:54:28 AM
3,09-DEC-2025,12:53:28 AM
0,09-DEC-2025,12:52:28 AM
5,09-DEC-2025,12:51:28 AM
0,09-DEC-2025,12:50:28 AM
5,09-DEC-2025,12:49:28 AM
7,09-DEC-2025,12:48:28 AM
9,09-DEC-2025,12:47:28 AM
1,09-DEC-2025,12:46:28 AM
0,09-DEC-2025,12:45:28 AM
0,09-DEC-2025,12:44:28 AM
5,09-DEC-2025,12:43:28 AM
9,09-DEC-2025,12:42:28 AM
3,09-DEC-2025,12:41:28 AM
0,09-DEC-2025,12:40:28 AM
4,09-DEC-2025,12:39:28 AM
3,09-DEC-2025,12:38:28 AM
5,09-DEC-2025,12:37:28 AM
4,09-DEC-2025,12:36:28 AM
3,09-DEC-2025,12:35:28 AM
7,09-DEC-2025,12:34:28 AM
5,09-DEC-2025,12:33:28 AM
6,09-DEC-2025,12:32:28 AM
2,09-DEC-2025,12:31:28 AM
5,09-DEC-2025,12:30:28 AM
0,09-DEC-2025,12:29:28 AM
5,09-DEC-2025,12:28:28 AM
6,09-DEC-2025,12:27:28 AM
8,09-DEC-2025,12:26:28 AM
5,09-DEC-2025,12:25:28 AM
4,09-DEC-2025,12:24:28 AM
5,09-DEC-2025,12:23:28 AM
9,09-DEC-2025,12:22:28 AM
6,09-DEC-2025,12:21:28 AM
3,09-DEC-2025,12:20:28 AM
0,09-DEC-2025,12:19:28 AM
8,09-DEC-2025,12:18:28 AM
4,09-DEC-2025,12:17:28 AM
7,09-DEC-2025,12:16:28 AM
7,09-DEC-2025,12:15:28 AM
2,09-DEC-2025,12:14:28 AM
9,09-DEC-2025,12:13:28 AM
5,09-DEC-2025,12:12:28 AM
7,09-DEC-2025,12:11:28 AM
6,09-DEC-2025,12:10:28 AM
0,09-DEC-2025,12:09:28 AM
4,09-DEC-2025,12:08:28 AM
7,09-DEC-2025,12:07:28 AM
5,09-DEC-2025,12:06:28 AM
4,09-DEC-2025,12:05:28 AM
9,09-DEC-2025,12:04:28 AM
5,09-DEC-2025,12:03:28 AM
2,09-DEC-2025,12:02:28 AM
4,09-DEC-2025,12:01:28 AM
2,09-DEC-2025,12:00:28 AM
